entityId,prediction_time_utc,prediction_availableBikeNumber
24418,2025-01-17 08:00:00+00:00,
24418,2025-01-17 09:00:00+00:00,
24418,2025-01-17 10:00:00+00:00,
24418,2025-01-17 11:00:00+00:00,
24418,2025-01-17 12:00:00+00:00,
24427,2025-01-17 08:00:00+00:00,
24427,2025-01-17 09:00:00+00:00,
24427,2025-01-17 10:00:00+00:00,
24427,2025-01-17 11:00:00+00:00,
24427,2025-01-17 12:00:00+00:00,
24428,2025-01-17 08:00:00+00:00,
24428,2025-01-17 09:00:00+00:00,
24428,2025-01-17 10:00:00+00:00,
24428,2025-01-17 11:00:00+00:00,
24428,2025-01-17 12:00:00+00:00,
24429,2025-01-17 08:00:00+00:00,
24429,2025-01-17 09:00:00+00:00,
24429,2025-01-17 10:00:00+00:00,
24429,2025-01-17 11:00:00+00:00,
24429,2025-01-17 12:00:00+00:00,
24430,2025-01-17 08:00:00+00:00,
24430,2025-01-17 09:00:00+00:00,
24430,2025-01-17 10:00:00+00:00,
24430,2025-01-17 11:00:00+00:00,
24430,2025-01-17 12:00:00+00:00,
24431,2025-01-17 08:00:00+00:00,
24431,2025-01-17 09:00:00+00:00,
24431,2025-01-17 10:00:00+00:00,
24431,2025-01-17 11:00:00+00:00,
24431,2025-01-17 12:00:00+00:00,
24432,2025-01-17 08:00:00+00:00,
24432,2025-01-17 09:00:00+00:00,
24432,2025-01-17 10:00:00+00:00,
24432,2025-01-17 11:00:00+00:00,
24432,2025-01-17 12:00:00+00:00,
24433,2025-01-17 08:00:00+00:00,
24433,2025-01-17 09:00:00+00:00,
24433,2025-01-17 10:00:00+00:00,
24433,2025-01-17 11:00:00+00:00,
24433,2025-01-17 12:00:00+00:00,
24434,2025-01-17 08:00:00+00:00,
24434,2025-01-17 09:00:00+00:00,
24434,2025-01-17 10:00:00+00:00,
24434,2025-01-17 11:00:00+00:00,
24434,2025-01-17 12:00:00+00:00,
24435,2025-01-17 08:00:00+00:00,
24435,2025-01-17 09:00:00+00:00,
24435,2025-01-17 10:00:00+00:00,
24435,2025-01-17 11:00:00+00:00,
24435,2025-01-17 12:00:00+00:00,
24460,2025-01-17 08:00:00+00:00,
24460,2025-01-17 09:00:00+00:00,
24460,2025-01-17 10:00:00+00:00,
24460,2025-01-17 11:00:00+00:00,
24460,2025-01-17 12:00:00+00:00,
24461,2025-01-17 08:00:00+00:00,
24461,2025-01-17 09:00:00+00:00,
24461,2025-01-17 10:00:00+00:00,
24461,2025-01-17 11:00:00+00:00,
24461,2025-01-17 12:00:00+00:00,
24462,2025-01-17 08:00:00+00:00,
24462,2025-01-17 09:00:00+00:00,
24462,2025-01-17 10:00:00+00:00,
24462,2025-01-17 11:00:00+00:00,
24462,2025-01-17 12:00:00+00:00,
24475,2025-01-17 08:00:00+00:00,
24475,2025-01-17 09:00:00+00:00,
24475,2025-01-17 10:00:00+00:00,
24475,2025-01-17 11:00:00+00:00,
24475,2025-01-17 12:00:00+00:00,
27372,2025-01-17 08:00:00+00:00,
27372,2025-01-17 09:00:00+00:00,
27372,2025-01-17 10:00:00+00:00,
27372,2025-01-17 11:00:00+00:00,
27372,2025-01-17 12:00:00+00:00,
27374,2025-01-17 08:00:00+00:00,
27374,2025-01-17 09:00:00+00:00,
27374,2025-01-17 10:00:00+00:00,
27374,2025-01-17 11:00:00+00:00,
27374,2025-01-17 12:00:00+00:00,
28789,2025-01-17 08:00:00+00:00,
28789,2025-01-17 09:00:00+00:00,
28789,2025-01-17 10:00:00+00:00,
28789,2025-01-17 11:00:00+00:00,
28789,2025-01-17 12:00:00+00:00,
28791,2025-01-17 08:00:00+00:00,
28791,2025-01-17 09:00:00+00:00,
28791,2025-01-17 10:00:00+00:00,
28791,2025-01-17 11:00:00+00:00,
28791,2025-01-17 12:00:00+00:00,
28792,2025-01-17 08:00:00+00:00,
28792,2025-01-17 09:00:00+00:00,
28792,2025-01-17 10:00:00+00:00,
28792,2025-01-17 11:00:00+00:00,
28792,2025-01-17 12:00:00+00:00,
28793,2025-01-17 08:00:00+00:00,
28793,2025-01-17 09:00:00+00:00,
28793,2025-01-17 10:00:00+00:00,
28793,2025-01-17 11:00:00+00:00,
28793,2025-01-17 12:00:00+00:00,
28796,2025-01-17 08:00:00+00:00,
28796,2025-01-17 09:00:00+00:00,
28796,2025-01-17 10:00:00+00:00,
28796,2025-01-17 11:00:00+00:00,
28796,2025-01-17 12:00:00+00:00,
28802,2025-01-17 08:00:00+00:00,
28802,2025-01-17 09:00:00+00:00,
28802,2025-01-17 10:00:00+00:00,
28802,2025-01-17 11:00:00+00:00,
28802,2025-01-17 12:00:00+00:00,
28803,2025-01-17 08:00:00+00:00,
28803,2025-01-17 09:00:00+00:00,
28803,2025-01-17 10:00:00+00:00,
28803,2025-01-17 11:00:00+00:00,
28803,2025-01-17 12:00:00+00:00,
28932,2025-01-17 08:00:00+00:00,
28932,2025-01-17 09:00:00+00:00,
28932,2025-01-17 10:00:00+00:00,
28932,2025-01-17 11:00:00+00:00,
28932,2025-01-17 12:00:00+00:00,
30121,2025-01-17 08:00:00+00:00,
30121,2025-01-17 09:00:00+00:00,
30121,2025-01-17 10:00:00+00:00,
30121,2025-01-17 11:00:00+00:00,
30121,2025-01-17 12:00:00+00:00,
30207,2025-01-17 08:00:00+00:00,
30207,2025-01-17 09:00:00+00:00,
30207,2025-01-17 10:00:00+00:00,
30207,2025-01-17 11:00:00+00:00,
30207,2025-01-17 12:00:00+00:00,
28790,2025-01-17 08:00:00+00:00,
28790,2025-01-17 09:00:00+00:00,
28790,2025-01-17 10:00:00+00:00,
28790,2025-01-17 11:00:00+00:00,
28790,2025-01-17 12:00:00+00:00,
28794,2025-01-17 08:00:00+00:00,
28794,2025-01-17 09:00:00+00:00,
28794,2025-01-17 10:00:00+00:00,
28794,2025-01-17 11:00:00+00:00,
28794,2025-01-17 12:00:00+00:00,
28795,2025-01-17 08:00:00+00:00,
28795,2025-01-17 09:00:00+00:00,
28795,2025-01-17 10:00:00+00:00,
28795,2025-01-17 11:00:00+00:00,
28795,2025-01-17 12:00:00+00:00,
28797,2025-01-17 08:00:00+00:00,
28797,2025-01-17 09:00:00+00:00,
28797,2025-01-17 10:00:00+00:00,
28797,2025-01-17 11:00:00+00:00,
28797,2025-01-17 12:00:00+00:00,
28798,2025-01-17 08:00:00+00:00,
28798,2025-01-17 09:00:00+00:00,
28798,2025-01-17 10:00:00+00:00,
28798,2025-01-17 11:00:00+00:00,
28798,2025-01-17 12:00:00+00:00,
28799,2025-01-17 08:00:00+00:00,
28799,2025-01-17 09:00:00+00:00,
28799,2025-01-17 10:00:00+00:00,
28799,2025-01-17 11:00:00+00:00,
28799,2025-01-17 12:00:00+00:00,
28800,2025-01-17 08:00:00+00:00,
28800,2025-01-17 09:00:00+00:00,
28800,2025-01-17 10:00:00+00:00,
28800,2025-01-17 11:00:00+00:00,
28800,2025-01-17 12:00:00+00:00,
28801,2025-01-17 08:00:00+00:00,
28801,2025-01-17 09:00:00+00:00,
28801,2025-01-17 10:00:00+00:00,
28801,2025-01-17 11:00:00+00:00,
28801,2025-01-17 12:00:00+00:00,
28804,2025-01-17 08:00:00+00:00,
28804,2025-01-17 09:00:00+00:00,
28804,2025-01-17 10:00:00+00:00,
28804,2025-01-17 11:00:00+00:00,
28804,2025-01-17 12:00:00+00:00,
28813,2025-01-17 08:00:00+00:00,
28813,2025-01-17 09:00:00+00:00,
28813,2025-01-17 10:00:00+00:00,
28813,2025-01-17 11:00:00+00:00,
28813,2025-01-17 12:00:00+00:00,
29253,2025-01-17 08:00:00+00:00,
29253,2025-01-17 09:00:00+00:00,
29253,2025-01-17 10:00:00+00:00,
29253,2025-01-17 11:00:00+00:00,
29253,2025-01-17 12:00:00+00:00,
29109,2025-01-17 08:00:00+00:00,
29109,2025-01-17 09:00:00+00:00,
29109,2025-01-17 10:00:00+00:00,
29109,2025-01-17 11:00:00+00:00,
29109,2025-01-17 12:00:00+00:00,
29112,2025-01-17 08:00:00+00:00,
29112,2025-01-17 09:00:00+00:00,
29112,2025-01-17 10:00:00+00:00,
29112,2025-01-17 11:00:00+00:00,
29112,2025-01-17 12:00:00+00:00,
30434,2025-01-17 08:00:00+00:00,
30434,2025-01-17 09:00:00+00:00,
30434,2025-01-17 10:00:00+00:00,
30434,2025-01-17 11:00:00+00:00,
30434,2025-01-17 12:00:00+00:00,
24368,2025-01-17 08:00:00+00:00,
24368,2025-01-17 09:00:00+00:00,
24368,2025-01-17 10:00:00+00:00,
24368,2025-01-17 11:00:00+00:00,
24368,2025-01-17 12:00:00+00:00,
24369,2025-01-17 08:00:00+00:00,
24369,2025-01-17 09:00:00+00:00,
24369,2025-01-17 10:00:00+00:00,
24369,2025-01-17 11:00:00+00:00,
24369,2025-01-17 12:00:00+00:00,
24370,2025-01-17 08:00:00+00:00,
24370,2025-01-17 09:00:00+00:00,
24370,2025-01-17 10:00:00+00:00,
24370,2025-01-17 11:00:00+00:00,
24370,2025-01-17 12:00:00+00:00,
24371,2025-01-17 08:00:00+00:00,
24371,2025-01-17 09:00:00+00:00,
24371,2025-01-17 10:00:00+00:00,
24371,2025-01-17 11:00:00+00:00,
24371,2025-01-17 12:00:00+00:00,
24374,2025-01-17 08:00:00+00:00,
24374,2025-01-17 09:00:00+00:00,
24374,2025-01-17 10:00:00+00:00,
24374,2025-01-17 11:00:00+00:00,
24374,2025-01-17 12:00:00+00:00,
24376,2025-01-17 08:00:00+00:00,
24376,2025-01-17 09:00:00+00:00,
24376,2025-01-17 10:00:00+00:00,
24376,2025-01-17 11:00:00+00:00,
24376,2025-01-17 12:00:00+00:00,
24378,2025-01-17 08:00:00+00:00,
24378,2025-01-17 09:00:00+00:00,
24378,2025-01-17 10:00:00+00:00,
24378,2025-01-17 11:00:00+00:00,
24378,2025-01-17 12:00:00+00:00,
24385,2025-01-17 08:00:00+00:00,
24385,2025-01-17 09:00:00+00:00,
24385,2025-01-17 10:00:00+00:00,
24385,2025-01-17 11:00:00+00:00,
24385,2025-01-17 12:00:00+00:00,
24392,2025-01-17 08:00:00+00:00,
24392,2025-01-17 09:00:00+00:00,
24392,2025-01-17 10:00:00+00:00,
24392,2025-01-17 11:00:00+00:00,
24392,2025-01-17 12:00:00+00:00,
24396,2025-01-17 08:00:00+00:00,
24396,2025-01-17 09:00:00+00:00,
24396,2025-01-17 10:00:00+00:00,
24396,2025-01-17 11:00:00+00:00,
24396,2025-01-17 12:00:00+00:00,
24397,2025-01-17 08:00:00+00:00,
24397,2025-01-17 09:00:00+00:00,
24397,2025-01-17 10:00:00+00:00,
24397,2025-01-17 11:00:00+00:00,
24397,2025-01-17 12:00:00+00:00,
24398,2025-01-17 08:00:00+00:00,
24398,2025-01-17 09:00:00+00:00,
24398,2025-01-17 10:00:00+00:00,
24398,2025-01-17 11:00:00+00:00,
24398,2025-01-17 12:00:00+00:00,
24399,2025-01-17 08:00:00+00:00,
24399,2025-01-17 09:00:00+00:00,
24399,2025-01-17 10:00:00+00:00,
24399,2025-01-17 11:00:00+00:00,
24399,2025-01-17 12:00:00+00:00,
24417,2025-01-17 08:00:00+00:00,
24417,2025-01-17 09:00:00+00:00,
24417,2025-01-17 10:00:00+00:00,
24417,2025-01-17 11:00:00+00:00,
24417,2025-01-17 12:00:00+00:00,
24436,2025-01-17 08:00:00+00:00,
24436,2025-01-17 09:00:00+00:00,
24436,2025-01-17 10:00:00+00:00,
24436,2025-01-17 11:00:00+00:00,
24436,2025-01-17 12:00:00+00:00,
24465,2025-01-17 08:00:00+00:00,
24465,2025-01-17 09:00:00+00:00,
24465,2025-01-17 10:00:00+00:00,
24465,2025-01-17 11:00:00+00:00,
24465,2025-01-17 12:00:00+00:00,
26889,2025-01-17 08:00:00+00:00,
26889,2025-01-17 09:00:00+00:00,
26889,2025-01-17 10:00:00+00:00,
26889,2025-01-17 11:00:00+00:00,
26889,2025-01-17 12:00:00+00:00,
29946,2025-01-17 08:00:00+00:00,
29946,2025-01-17 09:00:00+00:00,
29946,2025-01-17 10:00:00+00:00,
29946,2025-01-17 11:00:00+00:00,
29946,2025-01-17 12:00:00+00:00,
30145,2025-01-17 08:00:00+00:00,
30145,2025-01-17 09:00:00+00:00,
30145,2025-01-17 10:00:00+00:00,
30145,2025-01-17 11:00:00+00:00,
30145,2025-01-17 12:00:00+00:00,
30146,2025-01-17 08:00:00+00:00,
30146,2025-01-17 09:00:00+00:00,
30146,2025-01-17 10:00:00+00:00,
30146,2025-01-17 11:00:00+00:00,
30146,2025-01-17 12:00:00+00:00,
30515,2025-01-17 08:00:00+00:00,
30515,2025-01-17 09:00:00+00:00,
30515,2025-01-17 10:00:00+00:00,
30515,2025-01-17 11:00:00+00:00,
30515,2025-01-17 12:00:00+00:00,
24400,2025-01-17 08:00:00+00:00,
24400,2025-01-17 09:00:00+00:00,
24400,2025-01-17 10:00:00+00:00,
24400,2025-01-17 11:00:00+00:00,
24400,2025-01-17 12:00:00+00:00,
24401,2025-01-17 08:00:00+00:00,
24401,2025-01-17 09:00:00+00:00,
24401,2025-01-17 10:00:00+00:00,
24401,2025-01-17 11:00:00+00:00,
24401,2025-01-17 12:00:00+00:00,
24402,2025-01-17 08:00:00+00:00,
24402,2025-01-17 09:00:00+00:00,
24402,2025-01-17 10:00:00+00:00,
24402,2025-01-17 11:00:00+00:00,
24402,2025-01-17 12:00:00+00:00,
24407,2025-01-17 08:00:00+00:00,
24407,2025-01-17 09:00:00+00:00,
24407,2025-01-17 10:00:00+00:00,
24407,2025-01-17 11:00:00+00:00,
24407,2025-01-17 12:00:00+00:00,
24412,2025-01-17 08:00:00+00:00,
24412,2025-01-17 09:00:00+00:00,
24412,2025-01-17 10:00:00+00:00,
24412,2025-01-17 11:00:00+00:00,
24412,2025-01-17 12:00:00+00:00,
26209,2025-01-17 08:00:00+00:00,
26209,2025-01-17 09:00:00+00:00,
26209,2025-01-17 10:00:00+00:00,
26209,2025-01-17 11:00:00+00:00,
26209,2025-01-17 12:00:00+00:00,
26224,2025-01-17 08:00:00+00:00,
26224,2025-01-17 09:00:00+00:00,
26224,2025-01-17 10:00:00+00:00,
26224,2025-01-17 11:00:00+00:00,
26224,2025-01-17 12:00:00+00:00,
27183,2025-01-17 08:00:00+00:00,
27183,2025-01-17 09:00:00+00:00,
27183,2025-01-17 10:00:00+00:00,
27183,2025-01-17 11:00:00+00:00,
27183,2025-01-17 12:00:00+00:00,
30151,2025-01-17 08:00:00+00:00,
30151,2025-01-17 09:00:00+00:00,
30151,2025-01-17 10:00:00+00:00,
30151,2025-01-17 11:00:00+00:00,
30151,2025-01-17 12:00:00+00:00,
24367,2025-01-17 08:00:00+00:00,
24367,2025-01-17 09:00:00+00:00,
24367,2025-01-17 10:00:00+00:00,
24367,2025-01-17 11:00:00+00:00,
24367,2025-01-17 12:00:00+00:00,
24375,2025-01-17 08:00:00+00:00,
24375,2025-01-17 09:00:00+00:00,
24375,2025-01-17 10:00:00+00:00,
24375,2025-01-17 11:00:00+00:00,
24375,2025-01-17 12:00:00+00:00,
24380,2025-01-17 08:00:00+00:00,
24380,2025-01-17 09:00:00+00:00,
24380,2025-01-17 10:00:00+00:00,
24380,2025-01-17 11:00:00+00:00,
24380,2025-01-17 12:00:00+00:00,
24386,2025-01-17 08:00:00+00:00,
24386,2025-01-17 09:00:00+00:00,
24386,2025-01-17 10:00:00+00:00,
24386,2025-01-17 11:00:00+00:00,
24386,2025-01-17 12:00:00+00:00,
24387,2025-01-17 08:00:00+00:00,
24387,2025-01-17 09:00:00+00:00,
24387,2025-01-17 10:00:00+00:00,
24387,2025-01-17 11:00:00+00:00,
24387,2025-01-17 12:00:00+00:00,
24388,2025-01-17 08:00:00+00:00,
24388,2025-01-17 09:00:00+00:00,
24388,2025-01-17 10:00:00+00:00,
24388,2025-01-17 11:00:00+00:00,
24388,2025-01-17 12:00:00+00:00,
24393,2025-01-17 08:00:00+00:00,
24393,2025-01-17 09:00:00+00:00,
24393,2025-01-17 10:00:00+00:00,
24393,2025-01-17 11:00:00+00:00,
24393,2025-01-17 12:00:00+00:00,
24395,2025-01-17 08:00:00+00:00,
24395,2025-01-17 09:00:00+00:00,
24395,2025-01-17 10:00:00+00:00,
24395,2025-01-17 11:00:00+00:00,
24395,2025-01-17 12:00:00+00:00,
24404,2025-01-17 08:00:00+00:00,
24404,2025-01-17 09:00:00+00:00,
24404,2025-01-17 10:00:00+00:00,
24404,2025-01-17 11:00:00+00:00,
24404,2025-01-17 12:00:00+00:00,
24406,2025-01-17 08:00:00+00:00,
24406,2025-01-17 09:00:00+00:00,
24406,2025-01-17 10:00:00+00:00,
24406,2025-01-17 11:00:00+00:00,
24406,2025-01-17 12:00:00+00:00,
24408,2025-01-17 08:00:00+00:00,
24408,2025-01-17 09:00:00+00:00,
24408,2025-01-17 10:00:00+00:00,
24408,2025-01-17 11:00:00+00:00,
24408,2025-01-17 12:00:00+00:00,
24415,2025-01-17 08:00:00+00:00,
24415,2025-01-17 09:00:00+00:00,
24415,2025-01-17 10:00:00+00:00,
24415,2025-01-17 11:00:00+00:00,
24415,2025-01-17 12:00:00+00:00,
24442,2025-01-17 08:00:00+00:00,
24442,2025-01-17 09:00:00+00:00,
24442,2025-01-17 10:00:00+00:00,
24442,2025-01-17 11:00:00+00:00,
24442,2025-01-17 12:00:00+00:00,
24447,2025-01-17 08:00:00+00:00,
24447,2025-01-17 09:00:00+00:00,
24447,2025-01-17 10:00:00+00:00,
24447,2025-01-17 11:00:00+00:00,
24447,2025-01-17 12:00:00+00:00,
24450,2025-01-17 08:00:00+00:00,
24450,2025-01-17 09:00:00+00:00,
24450,2025-01-17 10:00:00+00:00,
24450,2025-01-17 11:00:00+00:00,
24450,2025-01-17 12:00:00+00:00,
24466,2025-01-17 08:00:00+00:00,
24466,2025-01-17 09:00:00+00:00,
24466,2025-01-17 10:00:00+00:00,
24466,2025-01-17 11:00:00+00:00,
24466,2025-01-17 12:00:00+00:00,
24467,2025-01-17 08:00:00+00:00,
24467,2025-01-17 09:00:00+00:00,
24467,2025-01-17 10:00:00+00:00,
24467,2025-01-17 11:00:00+00:00,
24467,2025-01-17 12:00:00+00:00,
24469,2025-01-17 08:00:00+00:00,
24469,2025-01-17 09:00:00+00:00,
24469,2025-01-17 10:00:00+00:00,
24469,2025-01-17 11:00:00+00:00,
24469,2025-01-17 12:00:00+00:00,
27440,2025-01-17 08:00:00+00:00,
27440,2025-01-17 09:00:00+00:00,
27440,2025-01-17 10:00:00+00:00,
27440,2025-01-17 11:00:00+00:00,
27440,2025-01-17 12:00:00+00:00,
29049,2025-01-17 08:00:00+00:00,
29049,2025-01-17 09:00:00+00:00,
29049,2025-01-17 10:00:00+00:00,
29049,2025-01-17 11:00:00+00:00,
29049,2025-01-17 12:00:00+00:00,
29963,2025-01-17 08:00:00+00:00,
29963,2025-01-17 09:00:00+00:00,
29963,2025-01-17 10:00:00+00:00,
29963,2025-01-17 11:00:00+00:00,
29963,2025-01-17 12:00:00+00:00,
29964,2025-01-17 08:00:00+00:00,
29964,2025-01-17 09:00:00+00:00,
29964,2025-01-17 10:00:00+00:00,
29964,2025-01-17 11:00:00+00:00,
29964,2025-01-17 12:00:00+00:00,
29965,2025-01-17 08:00:00+00:00,
29965,2025-01-17 09:00:00+00:00,
29965,2025-01-17 10:00:00+00:00,
29965,2025-01-17 11:00:00+00:00,
29965,2025-01-17 12:00:00+00:00,
30025,2025-01-17 08:00:00+00:00,
30025,2025-01-17 09:00:00+00:00,
30025,2025-01-17 10:00:00+00:00,
30025,2025-01-17 11:00:00+00:00,
30025,2025-01-17 12:00:00+00:00,
30027,2025-01-17 08:00:00+00:00,
30027,2025-01-17 09:00:00+00:00,
30027,2025-01-17 10:00:00+00:00,
30027,2025-01-17 11:00:00+00:00,
30027,2025-01-17 12:00:00+00:00,
24409,2025-01-17 08:00:00+00:00,
24409,2025-01-17 09:00:00+00:00,
24409,2025-01-17 10:00:00+00:00,
24409,2025-01-17 11:00:00+00:00,
24409,2025-01-17 12:00:00+00:00,
24410,2025-01-17 08:00:00+00:00,
24410,2025-01-17 09:00:00+00:00,
24410,2025-01-17 10:00:00+00:00,
24410,2025-01-17 11:00:00+00:00,
24410,2025-01-17 12:00:00+00:00,
24411,2025-01-17 08:00:00+00:00,
24411,2025-01-17 09:00:00+00:00,
24411,2025-01-17 10:00:00+00:00,
24411,2025-01-17 11:00:00+00:00,
24411,2025-01-17 12:00:00+00:00,
24414,2025-01-17 08:00:00+00:00,
24414,2025-01-17 09:00:00+00:00,
24414,2025-01-17 10:00:00+00:00,
24414,2025-01-17 11:00:00+00:00,
24414,2025-01-17 12:00:00+00:00,
24440,2025-01-17 08:00:00+00:00,
24440,2025-01-17 09:00:00+00:00,
24440,2025-01-17 10:00:00+00:00,
24440,2025-01-17 11:00:00+00:00,
24440,2025-01-17 12:00:00+00:00,
24441,2025-01-17 08:00:00+00:00,
24441,2025-01-17 09:00:00+00:00,
24441,2025-01-17 10:00:00+00:00,
24441,2025-01-17 11:00:00+00:00,
24441,2025-01-17 12:00:00+00:00,
24449,2025-01-17 08:00:00+00:00,
24449,2025-01-17 09:00:00+00:00,
24449,2025-01-17 10:00:00+00:00,
24449,2025-01-17 11:00:00+00:00,
24449,2025-01-17 12:00:00+00:00,
24454,2025-01-17 08:00:00+00:00,
24454,2025-01-17 09:00:00+00:00,
24454,2025-01-17 10:00:00+00:00,
24454,2025-01-17 11:00:00+00:00,
24454,2025-01-17 12:00:00+00:00,
24468,2025-01-17 08:00:00+00:00,
24468,2025-01-17 09:00:00+00:00,
24468,2025-01-17 10:00:00+00:00,
24468,2025-01-17 11:00:00+00:00,
24468,2025-01-17 12:00:00+00:00,
26708,2025-01-17 08:00:00+00:00,
26708,2025-01-17 09:00:00+00:00,
26708,2025-01-17 10:00:00+00:00,
26708,2025-01-17 11:00:00+00:00,
26708,2025-01-17 12:00:00+00:00,
26805,2025-01-17 08:00:00+00:00,
26805,2025-01-17 09:00:00+00:00,
26805,2025-01-17 10:00:00+00:00,
26805,2025-01-17 11:00:00+00:00,
26805,2025-01-17 12:00:00+00:00,
29663,2025-01-17 08:00:00+00:00,
29663,2025-01-17 09:00:00+00:00,
29663,2025-01-17 10:00:00+00:00,
29663,2025-01-17 11:00:00+00:00,
29663,2025-01-17 12:00:00+00:00,
30022,2025-01-17 08:00:00+00:00,
30022,2025-01-17 09:00:00+00:00,
30022,2025-01-17 10:00:00+00:00,
30022,2025-01-17 11:00:00+00:00,
30022,2025-01-17 12:00:00+00:00,
30024,2025-01-17 08:00:00+00:00,
30024,2025-01-17 09:00:00+00:00,
30024,2025-01-17 10:00:00+00:00,
30024,2025-01-17 11:00:00+00:00,
30024,2025-01-17 12:00:00+00:00,
30026,2025-01-17 08:00:00+00:00,
30026,2025-01-17 09:00:00+00:00,
30026,2025-01-17 10:00:00+00:00,
30026,2025-01-17 11:00:00+00:00,
30026,2025-01-17 12:00:00+00:00,
30147,2025-01-17 08:00:00+00:00,
30147,2025-01-17 09:00:00+00:00,
30147,2025-01-17 10:00:00+00:00,
30147,2025-01-17 11:00:00+00:00,
30147,2025-01-17 12:00:00+00:00,
24372,2025-01-17 08:00:00+00:00,
24372,2025-01-17 09:00:00+00:00,
24372,2025-01-17 10:00:00+00:00,
24372,2025-01-17 11:00:00+00:00,
24372,2025-01-17 12:00:00+00:00,
24373,2025-01-17 08:00:00+00:00,
24373,2025-01-17 09:00:00+00:00,
24373,2025-01-17 10:00:00+00:00,
24373,2025-01-17 11:00:00+00:00,
24373,2025-01-17 12:00:00+00:00,
24377,2025-01-17 08:00:00+00:00,
24377,2025-01-17 09:00:00+00:00,
24377,2025-01-17 10:00:00+00:00,
24377,2025-01-17 11:00:00+00:00,
24377,2025-01-17 12:00:00+00:00,
24379,2025-01-17 08:00:00+00:00,
24379,2025-01-17 09:00:00+00:00,
24379,2025-01-17 10:00:00+00:00,
24379,2025-01-17 11:00:00+00:00,
24379,2025-01-17 12:00:00+00:00,
24381,2025-01-17 08:00:00+00:00,
24381,2025-01-17 09:00:00+00:00,
24381,2025-01-17 10:00:00+00:00,
24381,2025-01-17 11:00:00+00:00,
24381,2025-01-17 12:00:00+00:00,
24383,2025-01-17 08:00:00+00:00,
24383,2025-01-17 09:00:00+00:00,
24383,2025-01-17 10:00:00+00:00,
24383,2025-01-17 11:00:00+00:00,
24383,2025-01-17 12:00:00+00:00,
24384,2025-01-17 08:00:00+00:00,
24384,2025-01-17 09:00:00+00:00,
24384,2025-01-17 10:00:00+00:00,
24384,2025-01-17 11:00:00+00:00,
24384,2025-01-17 12:00:00+00:00,
24389,2025-01-17 08:00:00+00:00,
24389,2025-01-17 09:00:00+00:00,
24389,2025-01-17 10:00:00+00:00,
24389,2025-01-17 11:00:00+00:00,
24389,2025-01-17 12:00:00+00:00,
24390,2025-01-17 08:00:00+00:00,
24390,2025-01-17 09:00:00+00:00,
24390,2025-01-17 10:00:00+00:00,
24390,2025-01-17 11:00:00+00:00,
24390,2025-01-17 12:00:00+00:00,
24391,2025-01-17 08:00:00+00:00,
24391,2025-01-17 09:00:00+00:00,
24391,2025-01-17 10:00:00+00:00,
24391,2025-01-17 11:00:00+00:00,
24391,2025-01-17 12:00:00+00:00,
24394,2025-01-17 08:00:00+00:00,
24394,2025-01-17 09:00:00+00:00,
24394,2025-01-17 10:00:00+00:00,
24394,2025-01-17 11:00:00+00:00,
24394,2025-01-17 12:00:00+00:00,
24413,2025-01-17 08:00:00+00:00,
24413,2025-01-17 09:00:00+00:00,
24413,2025-01-17 10:00:00+00:00,
24413,2025-01-17 11:00:00+00:00,
24413,2025-01-17 12:00:00+00:00,
24416,2025-01-17 08:00:00+00:00,
24416,2025-01-17 09:00:00+00:00,
24416,2025-01-17 10:00:00+00:00,
24416,2025-01-17 11:00:00+00:00,
24416,2025-01-17 12:00:00+00:00,
24419,2025-01-17 08:00:00+00:00,
24419,2025-01-17 09:00:00+00:00,
24419,2025-01-17 10:00:00+00:00,
24419,2025-01-17 11:00:00+00:00,
24419,2025-01-17 12:00:00+00:00,
24448,2025-01-17 08:00:00+00:00,
24448,2025-01-17 09:00:00+00:00,
24448,2025-01-17 10:00:00+00:00,
24448,2025-01-17 11:00:00+00:00,
24448,2025-01-17 12:00:00+00:00,
24453,2025-01-17 08:00:00+00:00,
24453,2025-01-17 09:00:00+00:00,
24453,2025-01-17 10:00:00+00:00,
24453,2025-01-17 11:00:00+00:00,
24453,2025-01-17 12:00:00+00:00,
24457,2025-01-17 08:00:00+00:00,
24457,2025-01-17 09:00:00+00:00,
24457,2025-01-17 10:00:00+00:00,
24457,2025-01-17 11:00:00+00:00,
24457,2025-01-17 12:00:00+00:00,
24471,2025-01-17 08:00:00+00:00,
24471,2025-01-17 09:00:00+00:00,
24471,2025-01-17 10:00:00+00:00,
24471,2025-01-17 11:00:00+00:00,
24471,2025-01-17 12:00:00+00:00,
24473,2025-01-17 08:00:00+00:00,
24473,2025-01-17 09:00:00+00:00,
24473,2025-01-17 10:00:00+00:00,
24473,2025-01-17 11:00:00+00:00,
24473,2025-01-17 12:00:00+00:00,
24474,2025-01-17 08:00:00+00:00,
24474,2025-01-17 09:00:00+00:00,
24474,2025-01-17 10:00:00+00:00,
24474,2025-01-17 11:00:00+00:00,
24474,2025-01-17 12:00:00+00:00,
24476,2025-01-17 08:00:00+00:00,
24476,2025-01-17 09:00:00+00:00,
24476,2025-01-17 10:00:00+00:00,
24476,2025-01-17 11:00:00+00:00,
24476,2025-01-17 12:00:00+00:00,
24481,2025-01-17 08:00:00+00:00,
24481,2025-01-17 09:00:00+00:00,
24481,2025-01-17 10:00:00+00:00,
24481,2025-01-17 11:00:00+00:00,
24481,2025-01-17 12:00:00+00:00,
29200,2025-01-17 08:00:00+00:00,
29200,2025-01-17 09:00:00+00:00,
29200,2025-01-17 10:00:00+00:00,
29200,2025-01-17 11:00:00+00:00,
29200,2025-01-17 12:00:00+00:00,
27376,2025-01-17 08:00:00+00:00,
27376,2025-01-17 09:00:00+00:00,
27376,2025-01-17 10:00:00+00:00,
27376,2025-01-17 11:00:00+00:00,
27376,2025-01-17 12:00:00+00:00,
27377,2025-01-17 08:00:00+00:00,
27377,2025-01-17 09:00:00+00:00,
27377,2025-01-17 10:00:00+00:00,
27377,2025-01-17 11:00:00+00:00,
27377,2025-01-17 12:00:00+00:00,
27378,2025-01-17 08:00:00+00:00,
27378,2025-01-17 09:00:00+00:00,
27378,2025-01-17 10:00:00+00:00,
27378,2025-01-17 11:00:00+00:00,
27378,2025-01-17 12:00:00+00:00,
27379,2025-01-17 08:00:00+00:00,
27379,2025-01-17 09:00:00+00:00,
27379,2025-01-17 10:00:00+00:00,
27379,2025-01-17 11:00:00+00:00,
27379,2025-01-17 12:00:00+00:00,
27380,2025-01-17 08:00:00+00:00,
27380,2025-01-17 09:00:00+00:00,
27380,2025-01-17 10:00:00+00:00,
27380,2025-01-17 11:00:00+00:00,
27380,2025-01-17 12:00:00+00:00,
27382,2025-01-17 08:00:00+00:00,
27382,2025-01-17 09:00:00+00:00,
27382,2025-01-17 10:00:00+00:00,
27382,2025-01-17 11:00:00+00:00,
27382,2025-01-17 12:00:00+00:00,
24437,2025-01-17 08:00:00+00:00,
24437,2025-01-17 09:00:00+00:00,
24437,2025-01-17 10:00:00+00:00,
24437,2025-01-17 11:00:00+00:00,
24437,2025-01-17 12:00:00+00:00,
24458,2025-01-17 08:00:00+00:00,
24458,2025-01-17 09:00:00+00:00,
24458,2025-01-17 10:00:00+00:00,
24458,2025-01-17 11:00:00+00:00,
24458,2025-01-17 12:00:00+00:00,
24459,2025-01-17 08:00:00+00:00,
24459,2025-01-17 09:00:00+00:00,
24459,2025-01-17 10:00:00+00:00,
24459,2025-01-17 11:00:00+00:00,
24459,2025-01-17 12:00:00+00:00,
24470,2025-01-17 08:00:00+00:00,
24470,2025-01-17 09:00:00+00:00,
24470,2025-01-17 10:00:00+00:00,
24470,2025-01-17 11:00:00+00:00,
24470,2025-01-17 12:00:00+00:00,
24472,2025-01-17 08:00:00+00:00,
24472,2025-01-17 09:00:00+00:00,
24472,2025-01-17 10:00:00+00:00,
24472,2025-01-17 11:00:00+00:00,
24472,2025-01-17 12:00:00+00:00,
24478,2025-01-17 08:00:00+00:00,
24478,2025-01-17 09:00:00+00:00,
24478,2025-01-17 10:00:00+00:00,
24478,2025-01-17 11:00:00+00:00,
24478,2025-01-17 12:00:00+00:00,
24438,2025-01-17 08:00:00+00:00,
24438,2025-01-17 09:00:00+00:00,
24438,2025-01-17 10:00:00+00:00,
24438,2025-01-17 11:00:00+00:00,
24438,2025-01-17 12:00:00+00:00,
24443,2025-01-17 08:00:00+00:00,
24443,2025-01-17 09:00:00+00:00,
24443,2025-01-17 10:00:00+00:00,
24443,2025-01-17 11:00:00+00:00,
24443,2025-01-17 12:00:00+00:00,
24444,2025-01-17 08:00:00+00:00,
24444,2025-01-17 09:00:00+00:00,
24444,2025-01-17 10:00:00+00:00,
24444,2025-01-17 11:00:00+00:00,
24444,2025-01-17 12:00:00+00:00,
24445,2025-01-17 08:00:00+00:00,
24445,2025-01-17 09:00:00+00:00,
24445,2025-01-17 10:00:00+00:00,
24445,2025-01-17 11:00:00+00:00,
24445,2025-01-17 12:00:00+00:00,
24446,2025-01-17 08:00:00+00:00,
24446,2025-01-17 09:00:00+00:00,
24446,2025-01-17 10:00:00+00:00,
24446,2025-01-17 11:00:00+00:00,
24446,2025-01-17 12:00:00+00:00,
24451,2025-01-17 08:00:00+00:00,
24451,2025-01-17 09:00:00+00:00,
24451,2025-01-17 10:00:00+00:00,
24451,2025-01-17 11:00:00+00:00,
24451,2025-01-17 12:00:00+00:00,
24463,2025-01-17 08:00:00+00:00,
24463,2025-01-17 09:00:00+00:00,
24463,2025-01-17 10:00:00+00:00,
24463,2025-01-17 11:00:00+00:00,
24463,2025-01-17 12:00:00+00:00,
24464,2025-01-17 08:00:00+00:00,
24464,2025-01-17 09:00:00+00:00,
24464,2025-01-17 10:00:00+00:00,
24464,2025-01-17 11:00:00+00:00,
24464,2025-01-17 12:00:00+00:00,
24479,2025-01-17 08:00:00+00:00,
24479,2025-01-17 09:00:00+00:00,
24479,2025-01-17 10:00:00+00:00,
24479,2025-01-17 11:00:00+00:00,
24479,2025-01-17 12:00:00+00:00,
24482,2025-01-17 08:00:00+00:00,
24482,2025-01-17 09:00:00+00:00,
24482,2025-01-17 10:00:00+00:00,
24482,2025-01-17 11:00:00+00:00,
24482,2025-01-17 12:00:00+00:00,
27717,2025-01-17 08:00:00+00:00,
27717,2025-01-17 09:00:00+00:00,
27717,2025-01-17 10:00:00+00:00,
27717,2025-01-17 11:00:00+00:00,
27717,2025-01-17 12:00:00+00:00,
28264,2025-01-17 08:00:00+00:00,
28264,2025-01-17 09:00:00+00:00,
28264,2025-01-17 10:00:00+00:00,
28264,2025-01-17 11:00:00+00:00,
28264,2025-01-17 12:00:00+00:00,
24420,2025-01-17 08:00:00+00:00,
24420,2025-01-17 09:00:00+00:00,
24420,2025-01-17 10:00:00+00:00,
24420,2025-01-17 11:00:00+00:00,
24420,2025-01-17 12:00:00+00:00,
24421,2025-01-17 08:00:00+00:00,
24421,2025-01-17 09:00:00+00:00,
24421,2025-01-17 10:00:00+00:00,
24421,2025-01-17 11:00:00+00:00,
24421,2025-01-17 12:00:00+00:00,
24422,2025-01-17 08:00:00+00:00,
24422,2025-01-17 09:00:00+00:00,
24422,2025-01-17 10:00:00+00:00,
24422,2025-01-17 11:00:00+00:00,
24422,2025-01-17 12:00:00+00:00,
24423,2025-01-17 08:00:00+00:00,
24423,2025-01-17 09:00:00+00:00,
24423,2025-01-17 10:00:00+00:00,
24423,2025-01-17 11:00:00+00:00,
24423,2025-01-17 12:00:00+00:00,
24424,2025-01-17 08:00:00+00:00,
24424,2025-01-17 09:00:00+00:00,
24424,2025-01-17 10:00:00+00:00,
24424,2025-01-17 11:00:00+00:00,
24424,2025-01-17 12:00:00+00:00,
24425,2025-01-17 08:00:00+00:00,
24425,2025-01-17 09:00:00+00:00,
24425,2025-01-17 10:00:00+00:00,
24425,2025-01-17 11:00:00+00:00,
24425,2025-01-17 12:00:00+00:00,
24426,2025-01-17 08:00:00+00:00,
24426,2025-01-17 09:00:00+00:00,
24426,2025-01-17 10:00:00+00:00,
24426,2025-01-17 11:00:00+00:00,
24426,2025-01-17 12:00:00+00:00,
24439,2025-01-17 08:00:00+00:00,
24439,2025-01-17 09:00:00+00:00,
24439,2025-01-17 10:00:00+00:00,
24439,2025-01-17 11:00:00+00:00,
24439,2025-01-17 12:00:00+00:00,
24452,2025-01-17 08:00:00+00:00,
24452,2025-01-17 09:00:00+00:00,
24452,2025-01-17 10:00:00+00:00,
24452,2025-01-17 11:00:00+00:00,
24452,2025-01-17 12:00:00+00:00,
24455,2025-01-17 08:00:00+00:00,
24455,2025-01-17 09:00:00+00:00,
24455,2025-01-17 10:00:00+00:00,
24455,2025-01-17 11:00:00+00:00,
24455,2025-01-17 12:00:00+00:00,
24456,2025-01-17 08:00:00+00:00,
24456,2025-01-17 09:00:00+00:00,
24456,2025-01-17 10:00:00+00:00,
24456,2025-01-17 11:00:00+00:00,
24456,2025-01-17 12:00:00+00:00,
27373,2025-01-17 08:00:00+00:00,
27373,2025-01-17 09:00:00+00:00,
27373,2025-01-17 10:00:00+00:00,
27373,2025-01-17 11:00:00+00:00,
27373,2025-01-17 12:00:00+00:00,
27375,2025-01-17 08:00:00+00:00,
27375,2025-01-17 09:00:00+00:00,
27375,2025-01-17 10:00:00+00:00,
27375,2025-01-17 11:00:00+00:00,
27375,2025-01-17 12:00:00+00:00,
27381,2025-01-17 08:00:00+00:00,
27381,2025-01-17 09:00:00+00:00,
27381,2025-01-17 10:00:00+00:00,
27381,2025-01-17 11:00:00+00:00,
27381,2025-01-17 12:00:00+00:00,
29345,2025-01-17 08:00:00+00:00,
29345,2025-01-17 09:00:00+00:00,
29345,2025-01-17 10:00:00+00:00,
29345,2025-01-17 11:00:00+00:00,
29345,2025-01-17 12:00:00+00:00,
29346,2025-01-17 08:00:00+00:00,
29346,2025-01-17 09:00:00+00:00,
29346,2025-01-17 10:00:00+00:00,
29346,2025-01-17 11:00:00+00:00,
29346,2025-01-17 12:00:00+00:00,
29347,2025-01-17 08:00:00+00:00,
29347,2025-01-17 09:00:00+00:00,
29347,2025-01-17 10:00:00+00:00,
29347,2025-01-17 11:00:00+00:00,
29347,2025-01-17 12:00:00+00:00,
30120,2025-01-17 08:00:00+00:00,
30120,2025-01-17 09:00:00+00:00,
30120,2025-01-17 10:00:00+00:00,
30120,2025-01-17 11:00:00+00:00,
30120,2025-01-17 12:00:00+00:00,
24403,2025-01-17 08:00:00+00:00,
24403,2025-01-17 09:00:00+00:00,
24403,2025-01-17 10:00:00+00:00,
24403,2025-01-17 11:00:00+00:00,
24403,2025-01-17 12:00:00+00:00,
24405,2025-01-17 08:00:00+00:00,
24405,2025-01-17 09:00:00+00:00,
24405,2025-01-17 10:00:00+00:00,
24405,2025-01-17 11:00:00+00:00,
24405,2025-01-17 12:00:00+00:00,
26653,2025-01-17 08:00:00+00:00,
26653,2025-01-17 09:00:00+00:00,
26653,2025-01-17 10:00:00+00:00,
26653,2025-01-17 11:00:00+00:00,
26653,2025-01-17 12:00:00+00:00,
26724,2025-01-17 08:00:00+00:00,
26724,2025-01-17 09:00:00+00:00,
26724,2025-01-17 10:00:00+00:00,
26724,2025-01-17 11:00:00+00:00,
26724,2025-01-17 12:00:00+00:00,
26725,2025-01-17 08:00:00+00:00,
26725,2025-01-17 09:00:00+00:00,
26725,2025-01-17 10:00:00+00:00,
26725,2025-01-17 11:00:00+00:00,
26725,2025-01-17 12:00:00+00:00,
26730,2025-01-17 08:00:00+00:00,
26730,2025-01-17 09:00:00+00:00,
26730,2025-01-17 10:00:00+00:00,
26730,2025-01-17 11:00:00+00:00,
26730,2025-01-17 12:00:00+00:00,
27441,2025-01-17 08:00:00+00:00,
27441,2025-01-17 09:00:00+00:00,
27441,2025-01-17 10:00:00+00:00,
27441,2025-01-17 11:00:00+00:00,
27441,2025-01-17 12:00:00+00:00,
27442,2025-01-17 08:00:00+00:00,
27442,2025-01-17 09:00:00+00:00,
27442,2025-01-17 10:00:00+00:00,
27442,2025-01-17 11:00:00+00:00,
27442,2025-01-17 12:00:00+00:00,
27443,2025-01-17 08:00:00+00:00,
27443,2025-01-17 09:00:00+00:00,
27443,2025-01-17 10:00:00+00:00,
27443,2025-01-17 11:00:00+00:00,
27443,2025-01-17 12:00:00+00:00,
27444,2025-01-17 08:00:00+00:00,
27444,2025-01-17 09:00:00+00:00,
27444,2025-01-17 10:00:00+00:00,
27444,2025-01-17 11:00:00+00:00,
27444,2025-01-17 12:00:00+00:00,
27445,2025-01-17 08:00:00+00:00,
27445,2025-01-17 09:00:00+00:00,
27445,2025-01-17 10:00:00+00:00,
27445,2025-01-17 11:00:00+00:00,
27445,2025-01-17 12:00:00+00:00,
27446,2025-01-17 08:00:00+00:00,
27446,2025-01-17 09:00:00+00:00,
27446,2025-01-17 10:00:00+00:00,
27446,2025-01-17 11:00:00+00:00,
27446,2025-01-17 12:00:00+00:00,
27447,2025-01-17 08:00:00+00:00,
27447,2025-01-17 09:00:00+00:00,
27447,2025-01-17 10:00:00+00:00,
27447,2025-01-17 11:00:00+00:00,
27447,2025-01-17 12:00:00+00:00,
27448,2025-01-17 08:00:00+00:00,
27448,2025-01-17 09:00:00+00:00,
27448,2025-01-17 10:00:00+00:00,
27448,2025-01-17 11:00:00+00:00,
27448,2025-01-17 12:00:00+00:00,
27449,2025-01-17 08:00:00+00:00,
27449,2025-01-17 09:00:00+00:00,
27449,2025-01-17 10:00:00+00:00,
27449,2025-01-17 11:00:00+00:00,
27449,2025-01-17 12:00:00+00:00,
27450,2025-01-17 08:00:00+00:00,
27450,2025-01-17 09:00:00+00:00,
27450,2025-01-17 10:00:00+00:00,
27450,2025-01-17 11:00:00+00:00,
27450,2025-01-17 12:00:00+00:00,
27451,2025-01-17 08:00:00+00:00,
27451,2025-01-17 09:00:00+00:00,
27451,2025-01-17 10:00:00+00:00,
27451,2025-01-17 11:00:00+00:00,
27451,2025-01-17 12:00:00+00:00,
27452,2025-01-17 08:00:00+00:00,
27452,2025-01-17 09:00:00+00:00,
27452,2025-01-17 10:00:00+00:00,
27452,2025-01-17 11:00:00+00:00,
27452,2025-01-17 12:00:00+00:00,
27567,2025-01-17 08:00:00+00:00,
27567,2025-01-17 09:00:00+00:00,
27567,2025-01-17 10:00:00+00:00,
27567,2025-01-17 11:00:00+00:00,
27567,2025-01-17 12:00:00+00:00,
28738,2025-01-17 08:00:00+00:00,
28738,2025-01-17 09:00:00+00:00,
28738,2025-01-17 10:00:00+00:00,
28738,2025-01-17 11:00:00+00:00,
28738,2025-01-17 12:00:00+00:00,
